String1,String2,DL_dist,L_dist,Jaro_Dist,normalized_DL,normalized_L
hose,jose,1,1,0.8333333333333334,0.25,0.25
clark,clarke,1,1,0.9444444444444445,0.16666666666666666,0.16666666666666666
dark,moat,4,4,0.5,1.0,1.0
p12345,p12234,2,2,0.888888888888889,0.3333333333333333,0.3333333333333333
